DROP TABLE IF EXISTS "Definition";
CREATE TABLE "Definition" ("definition_id" INTEGER PRIMARY KEY  AUTOINCREMENT  NOT NULL , "definition" TEXT);
INSERT INTO "Definition" VALUES(1,'Accompanying; attending.');
INSERT INTO "Definition" VALUES(2,'A street musician or performer.');
INSERT INTO "Definition" VALUES(3,'Swollen, bloated; also, bombastic, pompous.');
INSERT INTO "Definition" VALUES(4,'An inhabitant.');
INSERT INTO "Definition" VALUES(5,'A traveling from place to place.');
INSERT INTO "Definition" VALUES(6,'A warning.');
INSERT INTO "Definition" VALUES(7,'To make an offense seem less serious; also, to relieve or lessen without curing.');
INSERT INTO "Definition" VALUES(8,'Lacking foresight; negligent; thoughtless.');
INSERT INTO "Definition" VALUES(9,'Unfriendly; unfavorable.');
INSERT INTO "Definition" VALUES(11,'Existing during the same period of time; also, a contemporary.');
INSERT INTO "Definition" VALUES(12,'To thrust out; also, to impose on others.');
INSERT INTO "Definition" VALUES(13,'To deceive or obtain by deceit.');
INSERT INTO "Definition" VALUES(14,'Ardent; impassioned.');
INSERT INTO "Definition" VALUES(15,'Breaking out again.');
INSERT INTO "Definition" VALUES(16,'To laugh at with contempt.');
INSERT INTO "Definition" VALUES(17,'Foul, abusive language.');
INSERT INTO "Definition" VALUES(18,'A person employed to do all kinds of work.');
INSERT INTO "Definition" VALUES(19,'Lacking in nutritional value; also, immature; also, dull.');
INSERT INTO "Definition" VALUES(20,'To show in a clear manner.');
INSERT INTO "Definition" VALUES(21,'Harsh or discordant sound.');
INSERT INTO "Definition" VALUES(22,'Faithlessness; treachery.');
INSERT INTO "Definition" VALUES(23,'Burden; also, blame; stigma.');
INSERT INTO "Definition" VALUES(24,'Evasion; also, desertion of a cause, party, etc.');
INSERT INTO "Definition" VALUES(25,'Reproach mingled with contempt.');
INSERT INTO "Definition" VALUES(26,'Tedious from familiarity; stale.');
INSERT INTO "Definition" VALUES(27,'Docile; manageable, governable.');
INSERT INTO "Definition" VALUES(28,'Reclining; lying down.');
INSERT INTO "Definition" VALUES(29,'To depart from or evade the truth.');
INSERT INTO "Definition" VALUES(30,'The act of pouring a liquid as a sacrifice; also, a beverage.');
INSERT INTO "Definition" VALUES(31,'A state of difficulty or perplexity.');
INSERT INTO "Definition" VALUES(32,'Servilely attentive; fawning.');
INSERT INTO "Definition" VALUES(33,'A representation; an insubstantial or vague semblance.');
INSERT INTO "Definition" VALUES(34,'A thick vaporous atmosphere, often noxious.');
INSERT INTO "Definition" VALUES(35,'To howl; to wail.');
INSERT INTO "Definition" VALUES(36,'Delicious; attractive; luscious.');
INSERT INTO "Definition" VALUES(37,'Roughness of surface, sound, or manner.');
INSERT INTO "Definition" VALUES(38,'Impenetrable; also, not capable of being affected.');
INSERT INTO "Definition" VALUES(39,'Favorable; also, prosperous; fortunate.');
INSERT INTO "Definition" VALUES(40,'Powerful.');
INSERT INTO "Definition" VALUES(41,'Ineffective; also, being at leisure; also, of no use.');
INSERT INTO "Definition" VALUES(42,'Laborious work, study, thought, etc., esp. at night.');
INSERT INTO "Definition" VALUES(43,'To drink heartily.');
INSERT INTO "Definition" VALUES(44,'Very durable; long lasting.');
INSERT INTO "Definition" VALUES(45,'Sick from, or marked by, excessive drinking.');
INSERT INTO "Definition" VALUES(46,'Calmness; composure.');
INSERT INTO "Definition" VALUES(47,'A mental disorder characterized by delusions of grandeur.');
INSERT INTO "Definition" VALUES(48,'Wordy.');
INSERT INTO "Definition" VALUES(49,'Lacking social polish; tactless.');
INSERT INTO "Definition" VALUES(50,'Pleasing or sweet in sound.');
INSERT INTO "Definition" VALUES(51,'Pompous or pretentious language.');
INSERT INTO "Definition" VALUES(52,'Distinction by contrast.');
INSERT INTO "Definition" VALUES(53,'Fundamentally different; also, composed of dissimilar elements.');
INSERT INTO "Definition" VALUES(54,'Idle talk; also, to talk idly.');
INSERT INTO "Definition" VALUES(55,'Capable of being shaped; also, adaptable.');
INSERT INTO "Definition" VALUES(56,'A scolding, nagging, bad-tempered woman.');
INSERT INTO "Definition" VALUES(57,'Related by blood; descended from the same ancestor.');
INSERT INTO "Definition" VALUES(58,'The appearance or semblance of truth; likelihood; probability.');
INSERT INTO "Definition" VALUES(59,'Marked by a strong tendency in favor of a particular point of view.');
INSERT INTO "Definition" VALUES(60,'Weight; heaviness.');
INSERT INTO "Definition" VALUES(61,'A state or fit of intense indignation.');
INSERT INTO "Definition" VALUES(62,'To go or send to the country.');
INSERT INTO "Definition" VALUES(63,'One who practices extreme self-denial; also, austere, severe.');
INSERT INTO "Definition" VALUES(64,'To express strong disapproval of; also, to flay.');
INSERT INTO "Definition" VALUES(65,'An amateur; also, an admirer or lover of the fine arts.');
INSERT INTO "Definition" VALUES(66,'To act in a subservient manner.');
INSERT INTO "Definition" VALUES(67,'Insignificant; also, ineffectual.');
INSERT INTO "Definition" VALUES(68,'A half; a small part.');
INSERT INTO "Definition" VALUES(69,'Having marks or patches of different colors; also, varied.');
INSERT INTO "Definition" VALUES(70,'Relating to feasting, drinking, and good company; festive.');
INSERT INTO "Definition" VALUES(71,'To postulate; also, to suggest.');
INSERT INTO "Definition" VALUES(72,'To strike out or erase; to obliterate.');
INSERT INTO "Definition" VALUES(73,'Generous giving; also, gifts of money or other valuables.');
INSERT INTO "Definition" VALUES(74,'Woeful; also, run-down.');
INSERT INTO "Definition" VALUES(75,'Environment; setting.');
INSERT INTO "Definition" VALUES(76,'To agree or assent; also, to become a party.');
INSERT INTO "Definition" VALUES(77,'Noticeable; also, projecting; also, leaping.');
INSERT INTO "Definition" VALUES(78,'The disgrace or the reproach incurred by conduct considered outrageously shameful.');
INSERT INTO "Definition" VALUES(79,'An expression of deference.');
INSERT INTO "Definition" VALUES(80,'Apt or appropriate; also, delightful.');
INSERT INTO "Definition" VALUES(81,'A man of elevated rank or station; a nobleman.');
INSERT INTO "Definition" VALUES(82,'Hopelessly sad; also, saddening; cheerless.');
INSERT INTO "Definition" VALUES(83,'To feign illness or inability.');
INSERT INTO "Definition" VALUES(84,'Inclined to believe too readily.');
INSERT INTO "Definition" VALUES(85,'An appointment (as between lovers) to meet.');
INSERT INTO "Definition" VALUES(86,'A model of excellence or perfection.');
INSERT INTO "Definition" VALUES(87,'Difficult to fathom or understand.');
INSERT INTO "Definition" VALUES(88,'Causing sleep; also, something that causes sleep.');
INSERT INTO "Definition" VALUES(89,'A collection; an aggregation.');
INSERT INTO "Definition" VALUES(90,'Conveying instruction; teaching some moral lesson.');
INSERT INTO "Definition" VALUES(91,'Meddlesome.');
INSERT INTO "Definition" VALUES(92,'Showing inappropriate levity; pert.');
INSERT INTO "Definition" VALUES(93,'To punish or criticize severely.');
INSERT INTO "Definition" VALUES(94,'To assert as true.');
INSERT INTO "Definition" VALUES(95,'Immature.');
INSERT INTO "Definition" VALUES(96,'Money; profit.');
INSERT INTO "Definition" VALUES(97,'An inferior imitator.');
INSERT INTO "Definition" VALUES(98,'To dye; to instill profoundly.');
INSERT INTO "Definition" VALUES(99,'Lust.');
INSERT INTO "Definition" VALUES(100,'Impossible to refute.');
INSERT INTO "Definition" VALUES(101,'Occurring or existing simultaneously or side by side: concurrent attacks by land, sea, and air.');
INSERT INTO "Definition" VALUES(102,'To move or act with a great show of energy (often followed by about  ).');
INSERT INTO "Definition" VALUES(103,'Not clear or transparent because of stirred-up sediment or the like; clouded.');
INSERT INTO "Definition" VALUES(104,'Taking as booty.');
INSERT INTO "Definition" VALUES(105,'the status of belonging to a particular nation.');
INSERT INTO "Definition" VALUES(106,'A heelless shoe made entirely of soft leather.');
INSERT INTO "Definition" VALUES(107,'A spangle for ornamenting a costume.');
INSERT INTO "Definition" VALUES(108,'To reduce to poverty.');
INSERT INTO "Definition" VALUES(109,'Associated in close personal relations.');
INSERT INTO "Definition" VALUES(110,'To express strong disapproval of;.');
INSERT INTO "Definition" VALUES(111,'indistinctly felt or perceived, as pain or soundindistinctly felt or perceived, as pain or sound.');
INSERT INTO "Definition" VALUES(112,'A kinsman or kinswoman; relative.');
INSERT INTO "Definition" VALUES(113,'Changed to or being of an unnatural or abnormal kind.');
INSERT INTO "Definition" VALUES(114,'Excellent; great; marvelous.');
INSERT INTO "Definition" VALUES(115,'An individually decorated and customized car fitted with hydraulic jacks that permit lowering of the chassis nearly to the road.');
INSERT INTO "Definition" VALUES(116,'A spherical or approximately spherical body or shape; sphere.');
INSERT INTO "Definition" VALUES(117,'Something that actually exists; reality; truth.');
INSERT INTO "Definition" VALUES(118,'An object venerated superstitiously and used as a fetish or amulet by tribal peoples of West Africa.');
INSERT INTO "Definition" VALUES(119,'To recover (property, titles, etc.) by virtue of superior legal title.');
INSERT INTO "Definition" VALUES(120,'An underground passageway, especially one full of twists and turns.');
INSERT INTO "Definition" VALUES(121,'Performed merely as a routine duty; hasty and superficial: perfunctory courtesy.');
INSERT INTO "Definition" VALUES(122,'The opening at the lower end of the alimentary canal through which solid waste is eliminated from the body.');
INSERT INTO "Definition" VALUES(123,'The broadcasting of a still or moving image via radiowaves to receivers that project a view of the image on a picture tube.');
INSERT INTO "Definition" VALUES(124,'A person or group of people opposing, criticizing, or protesting something, someone, or another group.');
INSERT INTO "Definition" VALUES(125,'Characterized by indiscriminate mingling or association, especially having sexual relations with a number of partners on a casual basis.');
INSERT INTO "Definition" VALUES(126,'composed of relatively large parts or particlescomposed of relatively large parts or particles.');
INSERT INTO "Definition" VALUES(127,'Deep and painful regret for wrongdoing; compunction.');
INSERT INTO "Definition" VALUES(128,'Widespread; of wide extent or occurrence; in general use or acceptance.');
INSERT INTO "Definition" VALUES(129,'freedom from arbitrary or despotic government or control.');
INSERT INTO "Definition" VALUES(130,'Consisting of four.');
INSERT INTO "Definition" VALUES(131,'Consisting of fourty.');
INSERT INTO "Definition" VALUES(132,'Not clear or plain; ambiguous, vague, or uncertain: an obscure sentence in the contract.');
INSERT INTO "Definition" VALUES(133,'A person or thing that is like or the match or counterpart of another.');
INSERT INTO "Definition" VALUES(134,'An organelle in the cytoplasm of cells that functions in energy production.');
INSERT INTO "Definition" VALUES(135,'To move in a circle or spiral, or around a fixed point; whirl.');
INSERT INTO "Definition" VALUES(136,'Having or displaying conspicuous teeth.');
INSERT INTO "Definition" VALUES(137,'A successful, flourishing, or thriving condition, especially in financial respects; good fortune.');
INSERT INTO "Definition" VALUES(138,'To remove the genitals of.');
INSERT INTO "Definition" VALUES(139,'Boldness or daring, especially with confident or arrogant disregard for personal safety, conventional thought, or other restrictions.');
INSERT INTO "Definition" VALUES(140,'Emitting a strong or unpleasant odor; reeking.');
INSERT INTO "Definition" VALUES(141,'a company of eight singers or musicians. a company of eight singers or musicians.');
INSERT INTO "Definition" VALUES(142,'To make slippery or smooth.');
INSERT INTO "Definition" VALUES(143,'A steep high rock face, esp one that runs along the seashore and has the strata exposed.');
INSERT INTO "Definition" VALUES(144,'Able to resist wear, decay, etc., well; lasting; enduring.');
INSERT INTO "Definition" VALUES(145,'Of poor quality or inferior workmanship.');
INSERT INTO "Definition" VALUES(146,'Existing or being everywhere, especially at the same time; omnipresent.');
INSERT INTO "Definition" VALUES(147,'Antisocial, often criminal behavior, and lacking a sense of moral responsibility or social conscience.');
INSERT INTO "Definition" VALUES(148,'Coming, given, or arrived at quickly or soon; prompt; not delayed.');
INSERT INTO "Definition" VALUES(149,'Brilliantly or excessively showy.');
INSERT INTO "Definition" VALUES(150,'Intensely happy or confident.');
INSERT INTO "Definition" VALUES(151,'to make (plans, efforts, etc.) worthless or of no avail; defeat; nullify.');
INSERT INTO "Definition" VALUES(152,'to make (plans, efforts, etc.) worthless or of no avail; defeat; nullify.');
INSERT INTO "Definition" VALUES(153,'leaving little or no hope; very serious or dangerous.');
INSERT INTO "Definition" VALUES(154,'to notice or realize.');
INSERT INTO "Definition" VALUES(155,'Having hardness and rigidity but little tensile strength; breaking readily with a comparatively smooth fracture, as glass.');
INSERT INTO "Definition" VALUES(156,'liberal in giving or sharing; unselfish.');
INSERT INTO "Definition" VALUES(157,'Highly retentive.');
INSERT INTO "Definition" VALUES(158,'To make or become worse or inferior in character, quality, value, etc.');
INSERT INTO "Definition" VALUES(159,'Having a sense of the beautiful; characterized by a love of beauty.');
INSERT INTO "Definition" VALUES(160,'The malicious burning of another''s house or property.');
INSERT INTO "Definition" VALUES(161,'Constant in effort to accomplish something; attentive and persistent in doing anything.');
INSERT INTO "Definition" VALUES(162,'to flow or fall by drops, or in a small, gentle stream.');
INSERT INTO "Definition" VALUES(163,'required as a matter of obligation; mandatory.');
INSERT INTO "Definition" VALUES(164,'Reverence for God or devout fulfillment of religious obligations.');
INSERT INTO "Definition" VALUES(165,'Changed; altered.');
INSERT INTO "Definition" VALUES(166,'Of very little importance or value; insignificant.');
DROP TABLE IF EXISTS "Quiz";
CREATE TABLE "Quiz" ("quiz_id" INTEGER PRIMARY KEY  AUTOINCREMENT  NOT NULL , "name" TEXT NOT NULL , "status" INTEGER DEFAULT 0, "lastScore" INTEGER);
INSERT INTO "Quiz" VALUES(1,'Amercement', 0, 0);
INSERT INTO "Quiz" VALUES(2,'Good Vibrations', 0, 0);
INSERT INTO "Quiz" VALUES(3,'Soused', 0, 0);
INSERT INTO "Quiz" VALUES(4,'Efficaciousnous', 0, 0);
INSERT INTO "Quiz" VALUES(5,'Limpidity', 0, 0);
INSERT INTO "Quiz" VALUES(6,'Voiceless Celar Stopping', 0, 0);
INSERT INTO "Quiz" VALUES(7,'Lineaments', 0, 0);
INSERT INTO "Quiz" VALUES(8,'Panache', 0, 0);
INSERT INTO "Quiz" VALUES(9,'Workable Words', 0, 0);
INSERT INTO "Quiz" VALUES(10,'Desistance', 0, 0);
DROP TABLE IF EXISTS "QuizWord";
CREATE TABLE "QuizWord" ("word_id" INTEGER NOT NULL , "quiz_id" INTEGER NOT NULL , "selectedAnswer" INTEGER, PRIMARY KEY ("word_id", "quiz_id"));
INSERT INTO "QuizWord" VALUES(1,1,NULL);
INSERT INTO "QuizWord" VALUES(43,1,NULL);
INSERT INTO "QuizWord" VALUES(66,1,NULL);
INSERT INTO "QuizWord" VALUES(73,1,NULL);
INSERT INTO "QuizWord" VALUES(93,1,NULL);
INSERT INTO "QuizWord" VALUES(16,1,NULL);
INSERT INTO "QuizWord" VALUES(51,1,NULL);
INSERT INTO "QuizWord" VALUES(79,1,NULL);
INSERT INTO "QuizWord" VALUES(85,1,NULL);
INSERT INTO "QuizWord" VALUES(76,1,NULL);
INSERT INTO "QuizWord" VALUES(2,2,NULL);
INSERT INTO "QuizWord" VALUES(20,2,NULL);
INSERT INTO "QuizWord" VALUES(48,2,NULL);
INSERT INTO "QuizWord" VALUES(6,2,NULL);
INSERT INTO "QuizWord" VALUES(50,2,NULL);
INSERT INTO "QuizWord" VALUES(52,2,NULL);
INSERT INTO "QuizWord" VALUES(54,2,NULL);
INSERT INTO "QuizWord" VALUES(40,2,NULL);
INSERT INTO "QuizWord" VALUES(77,2,NULL);
INSERT INTO "QuizWord" VALUES(94,2,NULL);
INSERT INTO "QuizWord" VALUES(3,3,NULL);
INSERT INTO "QuizWord" VALUES(29,3,NULL);
INSERT INTO "QuizWord" VALUES(18,3,NULL);
INSERT INTO "QuizWord" VALUES(22,3,NULL);
INSERT INTO "QuizWord" VALUES(36,3,NULL);
INSERT INTO "QuizWord" VALUES(37,3,NULL);
INSERT INTO "QuizWord" VALUES(45,3,NULL);
INSERT INTO "QuizWord" VALUES(60,3,NULL);
INSERT INTO "QuizWord" VALUES(70,3,NULL);
INSERT INTO "QuizWord" VALUES(83,3,NULL);
INSERT INTO "QuizWord" VALUES(4,4,NULL);
INSERT INTO "QuizWord" VALUES(5,4,NULL);
INSERT INTO "QuizWord" VALUES(44,4,NULL);
INSERT INTO "QuizWord" VALUES(62,4,NULL);
INSERT INTO "QuizWord" VALUES(75,4,NULL);
INSERT INTO "QuizWord" VALUES(91,4,NULL);
INSERT INTO "QuizWord" VALUES(17,4,NULL);
INSERT INTO "QuizWord" VALUES(9,4,NULL);
INSERT INTO "QuizWord" VALUES(14,4,NULL);
INSERT INTO "QuizWord" VALUES(23,4,NULL);
INSERT INTO "QuizWord" VALUES(7,5,NULL);
INSERT INTO "QuizWord" VALUES(8,5,NULL);
INSERT INTO "QuizWord" VALUES(19,5,NULL);
INSERT INTO "QuizWord" VALUES(25,5,NULL);
INSERT INTO "QuizWord" VALUES(30,5,NULL);
INSERT INTO "QuizWord" VALUES(63,5,NULL);
INSERT INTO "QuizWord" VALUES(67,5,NULL);
INSERT INTO "QuizWord" VALUES(84,5,NULL);
INSERT INTO "QuizWord" VALUES(87,5,NULL);
INSERT INTO "QuizWord" VALUES(86,5,NULL);
INSERT INTO "QuizWord" VALUES(95,6,NULL);
INSERT INTO "QuizWord" VALUES(99,6,NULL);
INSERT INTO "QuizWord" VALUES(89,6,NULL);
INSERT INTO "QuizWord" VALUES(57,6,NULL);
INSERT INTO "QuizWord" VALUES(27,6,NULL);
INSERT INTO "QuizWord" VALUES(78,6,NULL);
INSERT INTO "QuizWord" VALUES(42,6,NULL);
INSERT INTO "QuizWord" VALUES(12,6,NULL);
INSERT INTO "QuizWord" VALUES(31,6,NULL);
INSERT INTO "QuizWord" VALUES(10,6,NULL);
INSERT INTO "QuizWord" VALUES(39,7,NULL);
INSERT INTO "QuizWord" VALUES(38,7,NULL);
INSERT INTO "QuizWord" VALUES(32,7,NULL);
INSERT INTO "QuizWord" VALUES(41,7,NULL);
INSERT INTO "QuizWord" VALUES(59,7,NULL);
INSERT INTO "QuizWord" VALUES(80,7,NULL);
INSERT INTO "QuizWord" VALUES(88,7,NULL);
INSERT INTO "QuizWord" VALUES(100,7,NULL);
INSERT INTO "QuizWord" VALUES(47,7,NULL);
INSERT INTO "QuizWord" VALUES(13,7,NULL);
INSERT INTO "QuizWord" VALUES(11,8,NULL);
INSERT INTO "QuizWord" VALUES(35,8,NULL);
INSERT INTO "QuizWord" VALUES(24,8,NULL);
INSERT INTO "QuizWord" VALUES(72,8,NULL);
INSERT INTO "QuizWord" VALUES(28,8,NULL);
INSERT INTO "QuizWord" VALUES(98,8,NULL);
INSERT INTO "QuizWord" VALUES(15,8,NULL);
INSERT INTO "QuizWord" VALUES(46,8,NULL);
INSERT INTO "QuizWord" VALUES(49,8,NULL);
INSERT INTO "QuizWord" VALUES(64,8,NULL);
INSERT INTO "QuizWord" VALUES(26,9,NULL);
INSERT INTO "QuizWord" VALUES(53,9,NULL);
INSERT INTO "QuizWord" VALUES(55,9,NULL);
INSERT INTO "QuizWord" VALUES(56,9,NULL);
INSERT INTO "QuizWord" VALUES(69,9,NULL);
INSERT INTO "QuizWord" VALUES(82,9,NULL);
INSERT INTO "QuizWord" VALUES(90,9,NULL);
INSERT INTO "QuizWord" VALUES(92,9,NULL);
INSERT INTO "QuizWord" VALUES(74,9,NULL);
INSERT INTO "QuizWord" VALUES(58,9,NULL);
INSERT INTO "QuizWord" VALUES(21,10,NULL);
INSERT INTO "QuizWord" VALUES(33,10,NULL);
INSERT INTO "QuizWord" VALUES(34,10,NULL);
INSERT INTO "QuizWord" VALUES(61,10,NULL);
INSERT INTO "QuizWord" VALUES(65,10,NULL);
INSERT INTO "QuizWord" VALUES(68,10,NULL);
INSERT INTO "QuizWord" VALUES(71,10,NULL);
INSERT INTO "QuizWord" VALUES(81,10,NULL);
INSERT INTO "QuizWord" VALUES(96,10,NULL);
INSERT INTO "QuizWord" VALUES(97,10,NULL);
DROP TABLE IF EXISTS "Word";
CREATE TABLE "Word" ("word_id" INTEGER PRIMARY KEY  AUTOINCREMENT  NOT NULL , "word" TEXT NOT NULL );
INSERT INTO "Word" VALUES(1,'concomitant');
INSERT INTO "Word" VALUES(2,'busker');
INSERT INTO "Word" VALUES(3,'turgid');
INSERT INTO "Word" VALUES(4,'denizen');
INSERT INTO "Word" VALUES(5,'perigrination');
INSERT INTO "Word" VALUES(6,'tocsin');
INSERT INTO "Word" VALUES(7,'palliate');
INSERT INTO "Word" VALUES(8,'improvident');
INSERT INTO "Word" VALUES(9,'inimical');
INSERT INTO "Word" VALUES(10,'excoriate');
INSERT INTO "Word" VALUES(11,'obtrude');
INSERT INTO "Word" VALUES(12,'cozen');
INSERT INTO "Word" VALUES(13,'perfervid');
INSERT INTO "Word" VALUES(14,'recrudescent');
INSERT INTO "Word" VALUES(15,'deride');
INSERT INTO "Word" VALUES(16,'billingsgate');
INSERT INTO "Word" VALUES(17,'factotum');
INSERT INTO "Word" VALUES(18,'jejune');
INSERT INTO "Word" VALUES(19,'evince');
INSERT INTO "Word" VALUES(20,'cacophony');
INSERT INTO "Word" VALUES(21,'perfidy');
INSERT INTO "Word" VALUES(22,'onus');
INSERT INTO "Word" VALUES(23,'tergiversation');
INSERT INTO "Word" VALUES(24,'opprobrium');
INSERT INTO "Word" VALUES(25,'hoary');
INSERT INTO "Word" VALUES(26,'tractable');
INSERT INTO "Word" VALUES(27,'recumbent');
INSERT INTO "Word" VALUES(28,'prevaricate');
INSERT INTO "Word" VALUES(29,'libation');
INSERT INTO "Word" VALUES(30,'quandary');
INSERT INTO "Word" VALUES(31,'coeval');
INSERT INTO "Word" VALUES(32,'obsequious');
INSERT INTO "Word" VALUES(33,'simulacrum');
INSERT INTO "Word" VALUES(34,'miasma');
INSERT INTO "Word" VALUES(35,'ululate');
INSERT INTO "Word" VALUES(36,'toothsome');
INSERT INTO "Word" VALUES(37,'asperity');
INSERT INTO "Word" VALUES(38,'impervious');
INSERT INTO "Word" VALUES(39,'auspicious');
INSERT INTO "Word" VALUES(40,'puissant');
INSERT INTO "Word" VALUES(41,'otiose');
INSERT INTO "Word" VALUES(42,'lucubration');
INSERT INTO "Word" VALUES(43,'quaff');
INSERT INTO "Word" VALUES(44,'perdurable');
INSERT INTO "Word" VALUES(45,'crapulous');
INSERT INTO "Word" VALUES(46,'equanimity');
INSERT INTO "Word" VALUES(47,'megalomania');
INSERT INTO "Word" VALUES(48,'verbose');
INSERT INTO "Word" VALUES(49,'gauche');
INSERT INTO "Word" VALUES(50,'euphonious');
INSERT INTO "Word" VALUES(51,'fustian');
INSERT INTO "Word" VALUES(52,'contradistinction');
INSERT INTO "Word" VALUES(53,'disparate');
INSERT INTO "Word" VALUES(54,'palaver');
INSERT INTO "Word" VALUES(55,'malleable');
INSERT INTO "Word" VALUES(56,'termagant');
INSERT INTO "Word" VALUES(57,'consanguineous');
INSERT INTO "Word" VALUES(58,'verisimilitude');
INSERT INTO "Word" VALUES(59,'tendentious');
INSERT INTO "Word" VALUES(60,'avoirdupois');
INSERT INTO "Word" VALUES(61,'dudgeon');
INSERT INTO "Word" VALUES(62,'rusticate');
INSERT INTO "Word" VALUES(63,'ascetic');
INSERT INTO "Word" VALUES(64,'castigate');
INSERT INTO "Word" VALUES(65,'dilettante');
INSERT INTO "Word" VALUES(66,'truckle');
INSERT INTO "Word" VALUES(67,'nugatory');
INSERT INTO "Word" VALUES(68,'moiety');
INSERT INTO "Word" VALUES(69,'variegated');
INSERT INTO "Word" VALUES(70,'convivial');
INSERT INTO "Word" VALUES(71,'posit');
INSERT INTO "Word" VALUES(72,'expunge');
INSERT INTO "Word" VALUES(73,'largess');
INSERT INTO "Word" VALUES(74,'woebegone');
INSERT INTO "Word" VALUES(75,'milieu');
INSERT INTO "Word" VALUES(76,'accede');
INSERT INTO "Word" VALUES(77,'salient');
INSERT INTO "Word" VALUES(78,'wunderkind');
INSERT INTO "Word" VALUES(79,'obeisance');
INSERT INTO "Word" VALUES(80,'felicitous');
INSERT INTO "Word" VALUES(81,'grandee');
INSERT INTO "Word" VALUES(82,'disconsolate');
INSERT INTO "Word" VALUES(83,'malinger');
INSERT INTO "Word" VALUES(84,'credulous');
INSERT INTO "Word" VALUES(85,'tryst');
INSERT INTO "Word" VALUES(86,'paragon');
INSERT INTO "Word" VALUES(87,'inscrutable');
INSERT INTO "Word" VALUES(88,'soporific');
INSERT INTO "Word" VALUES(89,'congeries');
INSERT INTO "Word" VALUES(90,'didactic');
INSERT INTO "Word" VALUES(91,'officious');
INSERT INTO "Word" VALUES(92,'flippant');
INSERT INTO "Word" VALUES(93,'castigate');
INSERT INTO "Word" VALUES(94,'aver');
INSERT INTO "Word" VALUES(95,'callow');
INSERT INTO "Word" VALUES(96,'lucre');
INSERT INTO "Word" VALUES(97,'epigone');
INSERT INTO "Word" VALUES(98,'imbue');
INSERT INTO "Word" VALUES(99,'concupiscence');
INSERT INTO "Word" VALUES(100,'irrefragable');
DROP TABLE IF EXISTS "WordDefinition";
CREATE TABLE "WordDefinition" ("wordDefinition_id" INTEGER PRIMARY KEY  AUTOINCREMENT  NOT NULL , "definition_id" INTEGER, "word_id" INTEGER NOT NULL , "isCorrect" BOOL);
INSERT INTO "WordDefinition" VALUES(0,40,40,1);
INSERT INTO "WordDefinition" VALUES(1,1,1,1);
INSERT INTO "WordDefinition" VALUES(2,2,2,1);
INSERT INTO "WordDefinition" VALUES(3,3,3,1);
INSERT INTO "WordDefinition" VALUES(4,4,4,1);
INSERT INTO "WordDefinition" VALUES(5,5,5,1);
INSERT INTO "WordDefinition" VALUES(6,6,6,1);
INSERT INTO "WordDefinition" VALUES(7,7,7,1);
INSERT INTO "WordDefinition" VALUES(8,8,8,1);
INSERT INTO "WordDefinition" VALUES(9,9,9,1);
INSERT INTO "WordDefinition" VALUES(11,11,31,1);
INSERT INTO "WordDefinition" VALUES(12,12,11,1);
INSERT INTO "WordDefinition" VALUES(13,13,12,1);
INSERT INTO "WordDefinition" VALUES(14,14,13,1);
INSERT INTO "WordDefinition" VALUES(15,15,14,1);
INSERT INTO "WordDefinition" VALUES(16,16,15,1);
INSERT INTO "WordDefinition" VALUES(17,17,16,1);
INSERT INTO "WordDefinition" VALUES(18,18,17,1);
INSERT INTO "WordDefinition" VALUES(19,19,18,1);
INSERT INTO "WordDefinition" VALUES(20,20,19,1);
INSERT INTO "WordDefinition" VALUES(21,21,20,1);
INSERT INTO "WordDefinition" VALUES(22,22,21,1);
INSERT INTO "WordDefinition" VALUES(23,23,22,1);
INSERT INTO "WordDefinition" VALUES(24,24,23,1);
INSERT INTO "WordDefinition" VALUES(25,78,24,1);
INSERT INTO "WordDefinition" VALUES(26,26,25,1);
INSERT INTO "WordDefinition" VALUES(27,27,26,1);
INSERT INTO "WordDefinition" VALUES(28,28,27,1);
INSERT INTO "WordDefinition" VALUES(29,29,28,1);
INSERT INTO "WordDefinition" VALUES(30,30,29,1);
INSERT INTO "WordDefinition" VALUES(31,31,30,1);
INSERT INTO "WordDefinition" VALUES(32,32,32,1);
INSERT INTO "WordDefinition" VALUES(33,33,33,1);
INSERT INTO "WordDefinition" VALUES(34,34,34,1);
INSERT INTO "WordDefinition" VALUES(35,35,35,1);
INSERT INTO "WordDefinition" VALUES(36,36,36,1);
INSERT INTO "WordDefinition" VALUES(37,37,37,1);
INSERT INTO "WordDefinition" VALUES(43,38,38,1);
INSERT INTO "WordDefinition" VALUES(44,39,39,1);
INSERT INTO "WordDefinition" VALUES(47,41,41,1);
INSERT INTO "WordDefinition" VALUES(48,42,42,1);
INSERT INTO "WordDefinition" VALUES(49,43,43,1);
INSERT INTO "WordDefinition" VALUES(50,44,44,1);
INSERT INTO "WordDefinition" VALUES(51,45,45,1);
INSERT INTO "WordDefinition" VALUES(52,46,46,1);
INSERT INTO "WordDefinition" VALUES(53,47,47,1);
INSERT INTO "WordDefinition" VALUES(54,48,48,1);
INSERT INTO "WordDefinition" VALUES(55,49,49,1);
INSERT INTO "WordDefinition" VALUES(56,50,50,1);
INSERT INTO "WordDefinition" VALUES(57,51,51,1);
INSERT INTO "WordDefinition" VALUES(58,52,52,1);
INSERT INTO "WordDefinition" VALUES(59,53,53,1);
INSERT INTO "WordDefinition" VALUES(60,54,54,1);
INSERT INTO "WordDefinition" VALUES(61,55,55,1);
INSERT INTO "WordDefinition" VALUES(63,57,57,1);
INSERT INTO "WordDefinition" VALUES(64,58,58,1);
INSERT INTO "WordDefinition" VALUES(65,59,59,1);
INSERT INTO "WordDefinition" VALUES(66,60,60,1);
INSERT INTO "WordDefinition" VALUES(67,61,61,1);
INSERT INTO "WordDefinition" VALUES(68,62,62,1);
INSERT INTO "WordDefinition" VALUES(69,63,63,1);
INSERT INTO "WordDefinition" VALUES(70,64,64,1);
INSERT INTO "WordDefinition" VALUES(71,65,65,1);
INSERT INTO "WordDefinition" VALUES(72,66,66,1);
INSERT INTO "WordDefinition" VALUES(73,67,67,1);
INSERT INTO "WordDefinition" VALUES(74,68,68,1);
INSERT INTO "WordDefinition" VALUES(75,69,69,1);
INSERT INTO "WordDefinition" VALUES(76,70,70,1);
INSERT INTO "WordDefinition" VALUES(77,71,71,1);
INSERT INTO "WordDefinition" VALUES(78,72,72,1);
INSERT INTO "WordDefinition" VALUES(79,73,73,1);
INSERT INTO "WordDefinition" VALUES(80,74,74,1);
INSERT INTO "WordDefinition" VALUES(81,75,75,1);
INSERT INTO "WordDefinition" VALUES(82,76,76,1);
INSERT INTO "WordDefinition" VALUES(83,77,77,1);
INSERT INTO "WordDefinition" VALUES(84,78,78,1);
INSERT INTO "WordDefinition" VALUES(85,79,79,1);
INSERT INTO "WordDefinition" VALUES(86,80,80,1);
INSERT INTO "WordDefinition" VALUES(87,81,81,1);
INSERT INTO "WordDefinition" VALUES(88,82,82,1);
INSERT INTO "WordDefinition" VALUES(89,83,83,1);
INSERT INTO "WordDefinition" VALUES(90,84,84,1);
INSERT INTO "WordDefinition" VALUES(91,85,85,1);
INSERT INTO "WordDefinition" VALUES(92,86,86,1);
INSERT INTO "WordDefinition" VALUES(93,87,87,1);
INSERT INTO "WordDefinition" VALUES(94,88,88,1);
INSERT INTO "WordDefinition" VALUES(95,89,89,1);
INSERT INTO "WordDefinition" VALUES(96,90,90,1);
INSERT INTO "WordDefinition" VALUES(97,91,91,1);
INSERT INTO "WordDefinition" VALUES(98,92,92,1);
INSERT INTO "WordDefinition" VALUES(99,93,93,1);
INSERT INTO "WordDefinition" VALUES(100,94,94,1);
INSERT INTO "WordDefinition" VALUES(101,95,95,1);
INSERT INTO "WordDefinition" VALUES(102,96,96,1);
INSERT INTO "WordDefinition" VALUES(103,97,97,1);
INSERT INTO "WordDefinition" VALUES(104,98,98,1);
INSERT INTO "WordDefinition" VALUES(105,99,99,1);
INSERT INTO "WordDefinition" VALUES(106,100,100,1);
INSERT INTO "WordDefinition" VALUES(110,110,10,1);
INSERT INTO "WordDefinition" VALUES(111,101,1,0);
INSERT INTO "WordDefinition" VALUES(112,102,2,0);
INSERT INTO "WordDefinition" VALUES(113,103,3,0);
INSERT INTO "WordDefinition" VALUES(114,104,4,0);
INSERT INTO "WordDefinition" VALUES(115,105,5,0);
INSERT INTO "WordDefinition" VALUES(116,106,6,0);
INSERT INTO "WordDefinition" VALUES(117,107,7,0);
INSERT INTO "WordDefinition" VALUES(118,108,8,0);
INSERT INTO "WordDefinition" VALUES(119,109,9,0);
INSERT INTO "WordDefinition" VALUES(121,111,11,0);
INSERT INTO "WordDefinition" VALUES(122,112,12,0);
INSERT INTO "WordDefinition" VALUES(123,113,13,0);
INSERT INTO "WordDefinition" VALUES(124,114,14,0);
INSERT INTO "WordDefinition" VALUES(125,115,15,0);
INSERT INTO "WordDefinition" VALUES(126,116,16,0);
INSERT INTO "WordDefinition" VALUES(127,117,17,0);
INSERT INTO "WordDefinition" VALUES(128,118,18,0);
INSERT INTO "WordDefinition" VALUES(129,119,19,0);
INSERT INTO "WordDefinition" VALUES(130,120,20,0);
INSERT INTO "WordDefinition" VALUES(131,121,21,0);
INSERT INTO "WordDefinition" VALUES(132,122,22,0);
INSERT INTO "WordDefinition" VALUES(133,123,23,0);
INSERT INTO "WordDefinition" VALUES(134,124,24,0);
INSERT INTO "WordDefinition" VALUES(135,125,25,0);
INSERT INTO "WordDefinition" VALUES(136,126,26,0);
INSERT INTO "WordDefinition" VALUES(137,127,27,0);
INSERT INTO "WordDefinition" VALUES(138,128,28,0);
INSERT INTO "WordDefinition" VALUES(139,129,29,0);
INSERT INTO "WordDefinition" VALUES(140,130,30,0);
INSERT INTO "WordDefinition" VALUES(141,131,31,0);
INSERT INTO "WordDefinition" VALUES(142,132,32,0);
INSERT INTO "WordDefinition" VALUES(143,133,33,0);
INSERT INTO "WordDefinition" VALUES(144,134,34,0);
INSERT INTO "WordDefinition" VALUES(145,135,35,0);
INSERT INTO "WordDefinition" VALUES(146,136,36,0);
INSERT INTO "WordDefinition" VALUES(147,137,37,0);
INSERT INTO "WordDefinition" VALUES(148,138,38,0);
INSERT INTO "WordDefinition" VALUES(149,139,39,0);
INSERT INTO "WordDefinition" VALUES(150,140,40,0);
INSERT INTO "WordDefinition" VALUES(151,141,41,0);
INSERT INTO "WordDefinition" VALUES(152,142,42,0);
INSERT INTO "WordDefinition" VALUES(153,143,43,0);
INSERT INTO "WordDefinition" VALUES(154,144,44,0);
INSERT INTO "WordDefinition" VALUES(155,145,45,0);
INSERT INTO "WordDefinition" VALUES(156,146,46,0);
INSERT INTO "WordDefinition" VALUES(157,148,48,0);
INSERT INTO "WordDefinition" VALUES(158,149,49,0);
INSERT INTO "WordDefinition" VALUES(159,150,50,0);
INSERT INTO "WordDefinition" VALUES(160,151,51,0);
INSERT INTO "WordDefinition" VALUES(161,152,52,0);
INSERT INTO "WordDefinition" VALUES(162,153,53,0);
INSERT INTO "WordDefinition" VALUES(163,154,54,0);
INSERT INTO "WordDefinition" VALUES(164,155,55,0);
INSERT INTO "WordDefinition" VALUES(165,56,56,1);
INSERT INTO "WordDefinition" VALUES(166,45,56,0);
INSERT INTO "WordDefinition" VALUES(167,156,57,0);
INSERT INTO "WordDefinition" VALUES(168,42,58,0);
INSERT INTO "WordDefinition" VALUES(169,157,59,0);
INSERT INTO "WordDefinition" VALUES(170,2,60,0);
INSERT INTO "WordDefinition" VALUES(171,84,61,0);
INSERT INTO "WordDefinition" VALUES(172,158,62,0);
INSERT INTO "WordDefinition" VALUES(173,159,63,0);
INSERT INTO "WordDefinition" VALUES(174,160,64,0);
INSERT INTO "WordDefinition" VALUES(175,161,65,0);
INSERT INTO "WordDefinition" VALUES(176,162,66,0);
INSERT INTO "WordDefinition" VALUES(177,163,67,0);
INSERT INTO "WordDefinition" VALUES(178,164,68,0);
INSERT INTO "WordDefinition" VALUES(179,165,69,0);
INSERT INTO "WordDefinition" VALUES(180,166,70,0);
INSERT INTO "WordDefinition" VALUES(181,140,71,0);
INSERT INTO "WordDefinition" VALUES(182,132,72,0);
INSERT INTO "WordDefinition" VALUES(183,123,73,0);
INSERT INTO "WordDefinition" VALUES(184,98,74,0);
INSERT INTO "WordDefinition" VALUES(185,128,75,0);
INSERT INTO "WordDefinition" VALUES(186,86,76,0);
INSERT INTO "WordDefinition" VALUES(187,14,77,0);
INSERT INTO "WordDefinition" VALUES(188,42,78,0);
INSERT INTO "WordDefinition" VALUES(189,42,79,0);
INSERT INTO "WordDefinition" VALUES(190,136,80,0);
INSERT INTO "WordDefinition" VALUES(191,149,81,0);
INSERT INTO "WordDefinition" VALUES(192,118,82,0);
INSERT INTO "WordDefinition" VALUES(193,10,83,0);
INSERT INTO "WordDefinition" VALUES(194,79,84,0);
INSERT INTO "WordDefinition" VALUES(195,44,85,0);
INSERT INTO "WordDefinition" VALUES(196,63,86,0);
INSERT INTO "WordDefinition" VALUES(197,134,87,0);
INSERT INTO "WordDefinition" VALUES(198,110,88,0);
INSERT INTO "WordDefinition" VALUES(199,9,89,0);
INSERT INTO "WordDefinition" VALUES(200,114,90,0);
INSERT INTO "WordDefinition" VALUES(201,59,91,0);
INSERT INTO "WordDefinition" VALUES(202,126,92,0);
INSERT INTO "WordDefinition" VALUES(203,64,93,0);
INSERT INTO "WordDefinition" VALUES(204,154,94,0);
INSERT INTO "WordDefinition" VALUES(205,38,95,0);
INSERT INTO "WordDefinition" VALUES(206,27,96,0);
INSERT INTO "WordDefinition" VALUES(207,95,97,0);
INSERT INTO "WordDefinition" VALUES(208,47,98,0);
INSERT INTO "WordDefinition" VALUES(209,79,99,0);
INSERT INTO "WordDefinition" VALUES(210,7,100,0);
INSERT INTO "WordDefinition" VALUES(216,98,1,0);
INSERT INTO "WordDefinition" VALUES(217,91,2,0);
INSERT INTO "WordDefinition" VALUES(218,147,3,0);
INSERT INTO "WordDefinition" VALUES(219,79,4,0);
INSERT INTO "WordDefinition" VALUES(220,148,5,0);
INSERT INTO "WordDefinition" VALUES(221,132,6,0);
INSERT INTO "WordDefinition" VALUES(222,53,7,0);
INSERT INTO "WordDefinition" VALUES(223,83,8,0);
INSERT INTO "WordDefinition" VALUES(224,51,9,0);
INSERT INTO "WordDefinition" VALUES(225,105,10,0);
INSERT INTO "WordDefinition" VALUES(226,66,11,0);
INSERT INTO "WordDefinition" VALUES(227,132,12,0);
INSERT INTO "WordDefinition" VALUES(228,24,13,0);
INSERT INTO "WordDefinition" VALUES(229,91,14,0);
INSERT INTO "WordDefinition" VALUES(230,28,15,0);
INSERT INTO "WordDefinition" VALUES(231,152,16,0);
INSERT INTO "WordDefinition" VALUES(232,27,17,0);
INSERT INTO "WordDefinition" VALUES(233,84,18,0);
INSERT INTO "WordDefinition" VALUES(234,84,19,0);
INSERT INTO "WordDefinition" VALUES(235,113,20,0);
INSERT INTO "WordDefinition" VALUES(236,30,21,0);
INSERT INTO "WordDefinition" VALUES(237,59,22,0);
INSERT INTO "WordDefinition" VALUES(238,118,23,0);
INSERT INTO "WordDefinition" VALUES(239,24,24,0);
INSERT INTO "WordDefinition" VALUES(240,89,25,0);
INSERT INTO "WordDefinition" VALUES(241,12,26,0);
INSERT INTO "WordDefinition" VALUES(242,33,27,0);
INSERT INTO "WordDefinition" VALUES(243,25,28,0);
INSERT INTO "WordDefinition" VALUES(244,87,29,0);
INSERT INTO "WordDefinition" VALUES(245,148,30,0);
INSERT INTO "WordDefinition" VALUES(246,37,31,0);
INSERT INTO "WordDefinition" VALUES(247,40,32,0);
INSERT INTO "WordDefinition" VALUES(248,145,33,0);
INSERT INTO "WordDefinition" VALUES(249,133,34,0);
INSERT INTO "WordDefinition" VALUES(250,78,35,0);
INSERT INTO "WordDefinition" VALUES(251,22,36,0);
INSERT INTO "WordDefinition" VALUES(252,4,37,0);
INSERT INTO "WordDefinition" VALUES(253,4,38,0);
INSERT INTO "WordDefinition" VALUES(254,142,39,0);
INSERT INTO "WordDefinition" VALUES(255,77,40,0);
INSERT INTO "WordDefinition" VALUES(257,103,42,0);
INSERT INTO "WordDefinition" VALUES(258,62,43,0);
INSERT INTO "WordDefinition" VALUES(259,19,44,0);
INSERT INTO "WordDefinition" VALUES(260,14,45,0);
INSERT INTO "WordDefinition" VALUES(261,28,46,0);
INSERT INTO "WordDefinition" VALUES(262,31,47,0);
INSERT INTO "WordDefinition" VALUES(263,24,48,0);
INSERT INTO "WordDefinition" VALUES(264,40,49,0);
INSERT INTO "WordDefinition" VALUES(265,21,50,0);
INSERT INTO "WordDefinition" VALUES(266,140,51,0);
INSERT INTO "WordDefinition" VALUES(267,104,52,0);
INSERT INTO "WordDefinition" VALUES(268,150,53,0);
INSERT INTO "WordDefinition" VALUES(269,141,54,0);
INSERT INTO "WordDefinition" VALUES(270,18,55,0);
INSERT INTO "WordDefinition" VALUES(271,97,56,0);
INSERT INTO "WordDefinition" VALUES(272,49,57,0);
INSERT INTO "WordDefinition" VALUES(273,17,58,0);
INSERT INTO "WordDefinition" VALUES(274,22,59,0);
INSERT INTO "WordDefinition" VALUES(275,127,60,0);
INSERT INTO "WordDefinition" VALUES(276,34,61,0);
INSERT INTO "WordDefinition" VALUES(277,106,62,0);
INSERT INTO "WordDefinition" VALUES(278,89,63,0);
INSERT INTO "WordDefinition" VALUES(279,39,64,0);
INSERT INTO "WordDefinition" VALUES(280,47,65,0);
INSERT INTO "WordDefinition" VALUES(281,57,66,0);
INSERT INTO "WordDefinition" VALUES(282,80,67,0);
INSERT INTO "WordDefinition" VALUES(283,135,68,0);
INSERT INTO "WordDefinition" VALUES(284,110,69,0);
INSERT INTO "WordDefinition" VALUES(285,54,70,0);
INSERT INTO "WordDefinition" VALUES(286,113,71,0);
INSERT INTO "WordDefinition" VALUES(298,71,72,0);
INSERT INTO "WordDefinition" VALUES(299,125,73,0);
INSERT INTO "WordDefinition" VALUES(300,71,74,0);
INSERT INTO "WordDefinition" VALUES(301,46,75,0);
INSERT INTO "WordDefinition" VALUES(302,129,76,0);
INSERT INTO "WordDefinition" VALUES(303,89,77,0);
INSERT INTO "WordDefinition" VALUES(304,157,78,0);
INSERT INTO "WordDefinition" VALUES(305,91,79,0);
INSERT INTO "WordDefinition" VALUES(306,137,80,0);
INSERT INTO "WordDefinition" VALUES(307,76,81,0);
INSERT INTO "WordDefinition" VALUES(308,116,82,0);
INSERT INTO "WordDefinition" VALUES(309,17,83,0);
INSERT INTO "WordDefinition" VALUES(310,149,84,0);
INSERT INTO "WordDefinition" VALUES(311,107,85,0);
INSERT INTO "WordDefinition" VALUES(312,145,86,0);
INSERT INTO "WordDefinition" VALUES(313,107,87,0);
INSERT INTO "WordDefinition" VALUES(314,108,88,0);
INSERT INTO "WordDefinition" VALUES(315,50,89,0);
INSERT INTO "WordDefinition" VALUES(316,146,90,0);
INSERT INTO "WordDefinition" VALUES(317,33,91,0);
INSERT INTO "WordDefinition" VALUES(318,138,92,0);
INSERT INTO "WordDefinition" VALUES(319,138,93,0);
INSERT INTO "WordDefinition" VALUES(320,158,94,0);
INSERT INTO "WordDefinition" VALUES(321,23,95,0);
INSERT INTO "WordDefinition" VALUES(322,130,96,0);
INSERT INTO "WordDefinition" VALUES(323,67,97,0);
INSERT INTO "WordDefinition" VALUES(324,145,98,0);
INSERT INTO "WordDefinition" VALUES(326,24,100,0);
INSERT INTO "WordDefinition" VALUES(327,125,10,0);
INSERT INTO "WordDefinition" VALUES(328,98,41,0);
INSERT INTO "WordDefinition" VALUES(332,28,47,0);
INSERT INTO "WordDefinition" VALUES(333,59,99,0);
INSERT INTO "WordDefinition" VALUES(334,78,83,0);